<?xml version="1.0" encoding="UTF-8"?>
<objects serializationModel="Studio.01.08.00">
    <object class="Workspace" id="{9b47b75d-1beb-4b2b-9b59-963e1892f1d7}">
        <relationship name="projectSettings">
            <destination>{2ff903be-bfb3-4444-b5bc-99d2a2818190}</destination>
        </relationship>
        <relationship name="profilerSessionFolder">
            <destination>{7a98c798-0981-4fce-b915-e826c3d1e458}</destination>
        </relationship>
    </object>
    <object class="ProjectSettings" id="{2ff903be-bfb3-4444-b5bc-99d2a2818190}">
        <relationship name="activePlatform">
            <destination>{167f0460-a415-435f-8a57-fe7ae8262993}</destination>
        </relationship>
    </object>
</objects>
