<?xml version="1.0" encoding="UTF-8"?>
<objects serializationModel="Studio.01.08.00">
    <object class="AudioFile" id="{0f0f5e6f-12bc-4c1d-bbc7-dc70e177d77b}">
        <property name="assetPath">
            <value>Pulo.wav</value>
        </property>
        <property name="frequencyInKHz">
            <value>44.0999985</value>
        </property>
        <property name="channelCount">
            <value>1</value>
        </property>
        <property name="length">
            <value>0.26308390022675737</value>
        </property>
        <relationship name="masterAssetFolder">
            <destination>{ec63a8d6-5818-4de8-b9da-0bc46ad322b6}</destination>
        </relationship>
    </object>
</objects>
