<?xml version="1.0" encoding="UTF-8"?>
<objects serializationModel="Studio.01.08.00">
    <object class="AudioFile" id="{34386645-e7af-4804-ae55-1ebf8089125f}">
        <property name="assetPath">
            <value>Ambiencia.ogg</value>
        </property>
        <property name="isStreaming">
            <value>true</value>
        </property>
        <property name="frequencyInKHz">
            <value>48</value>
        </property>
        <property name="channelCount">
            <value>2</value>
        </property>
        <property name="length">
            <value>206.14156249999999</value>
        </property>
        <relationship name="masterAssetFolder">
            <destination>{ec63a8d6-5818-4de8-b9da-0bc46ad322b6}</destination>
        </relationship>
    </object>
</objects>
