<?xml version="1.0" encoding="UTF-8"?>
<objects serializationModel="Studio.01.08.00">
    <object class="AudioFile" id="{4b413000-c636-412d-bdc4-3364a87b88ab}">
        <property name="assetPath">
            <value>Queda.wav</value>
        </property>
        <property name="frequencyInKHz">
            <value>44.0999985</value>
        </property>
        <property name="channelCount">
            <value>1</value>
        </property>
        <property name="length">
            <value>0.16102040816326529</value>
        </property>
        <relationship name="masterAssetFolder">
            <destination>{ec63a8d6-5818-4de8-b9da-0bc46ad322b6}</destination>
        </relationship>
    </object>
</objects>
