<?xml version="1.0" encoding="UTF-8"?>
<objects serializationModel="Studio.01.08.00">
    <object class="Event" id="{238a9e77-8b75-4da6-a112-f1d43df0bf1c}">
        <relationship name="selectables">
            <destination>{394c7c8b-720e-4240-91e4-506a441ba9db}</destination>
        </relationship>
        <relationship name="uiLastParameterSelection">
            <destination>{cd8022fc-518f-490c-9212-8f65f6b1b230}</destination>
        </relationship>
    </object>
    <object class="MasterTrack" id="{397174d8-7801-44b6-b91a-4b47f91a85d6}">
        <property name="uiAutomationTracksVisible">
            <value>true</value>
        </property>
    </object>
    <object class="MixerInput" id="{9078ba42-7947-4cc3-a4bb-7e1717a1d8dc}"/>
    <object class="EventAutomatableProperties" id="{36ba9de8-ca64-475d-b007-c50b3b794eab}"/>
    <object class="MarkerTrack" id="{1dac2550-eda7-4938-bcaa-4f564cd6b552}"/>
    <object class="GroupTrack" id="{6f5f9781-8478-4a1f-8619-c236fdab3b36}"/>
    <object class="Timeline" id="{e137643e-6298-41ba-88e1-e74ef251902c}">
        <property name="cursorPosition">
            <value>0</value>
        </property>
        <property name="uiLastRulerScaleRatio">
            <value>0.10452961672473868</value>
        </property>
    </object>
    <object class="GameParameter" id="{cd8022fc-518f-490c-9212-8f65f6b1b230}">
        <property name="cursorPosition">
            <value>0</value>
        </property>
        <property name="uiLastRulerScaleRatio">
            <value>0.0012987012987012987</value>
        </property>
    </object>
    <object class="EventMixerMaster" id="{2b0313ae-fc62-402f-83b8-be0bbbdb29b6}">
        <relationship name="input">
            <destination>{2535aac1-dd17-4b08-b441-9594ac0a1cf7}</destination>
        </relationship>
    </object>
    <object class="AutomationTrack" id="{d52de456-ad6d-4da5-a78e-87bd5be499aa}"/>
    <object class="MixerBusEffectChain" id="{82cfb1c2-9464-459b-9950-f940391a44c1}"/>
    <object class="MixerBusPanner" id="{0717edb3-a2f3-4737-8196-6884b1309497}"/>
    <object class="SingleSound" id="{c0a7c100-9a40-41d1-a9c9-d466b19e5228}"/>
    <object class="EventMixerGroup" id="{2535aac1-dd17-4b08-b441-9594ac0a1cf7}"/>
    <object class="MixerBusEffectChain" id="{f0d1581e-7eb8-4249-b22c-4286b04c6025}"/>
    <object class="MixerBusPanner" id="{f4f00e96-01d2-438f-a071-1d9bab6ed61c}"/>
    <object class="MixerBusFader" id="{b857eb34-04eb-4d68-9c8b-a80ea57fd391}"/>
    <object class="MixerBusEffectChain" id="{94ed3270-0e09-4427-aedd-913bffd0c777}"/>
    <object class="MixerBusPanner" id="{a1416c9e-ca41-4266-8870-62402c0980df}"/>
    <object class="PluginEffect" id="{caee99e7-8542-4993-8aa8-a09616b11e3a}"/>
    <object class="MixerBusFader" id="{3ae5c144-7b77-453e-9eea-1d2cf42a6010}"/>
    <object class="SpatialiserEffect" id="{6770f785-49fa-44c0-ba4a-3c894078434e}"/>
    <object class="MixerBusFader" id="{ca057d6d-5d00-4197-bf69-587d5efa8a54}"/>
    <object class="FloatPluginParameter" id="{d05b0cf3-79b3-474e-bc15-fcc17bdf64f4}"/>
    <object class="FloatPluginParameter" id="{d45a53eb-b31e-4b6e-a59f-a8c4ea1737a0}"/>
    <object class="FloatPluginParameter" id="{e2ea7857-c629-4ed5-9894-1bbb6761d4a0}"/>
    <object class="FloatPluginParameter" id="{c1d1f173-1b55-4e4f-b339-89e4dd4a858a}"/>
</objects>
