<?xml version="1.0" encoding="UTF-8"?>
<objects serializationModel="Studio.01.08.00">
    <object class="Event" id="{3aa23c62-c64c-4cb6-9eb5-c9fc948a08a2}">
        <relationship name="selectables">
            <destination>{b65a5d4a-d5ab-4a17-b744-0274a58b2392}</destination>
        </relationship>
        <relationship name="uiLastParameterSelection">
            <destination>{b65a5d4a-d5ab-4a17-b744-0274a58b2392}</destination>
        </relationship>
    </object>
    <object class="MasterTrack" id="{2c3aec56-d6d2-49a6-a376-7c82d6ea5ba3}"/>
    <object class="MixerInput" id="{9e318466-5d3e-4dd4-9b31-59f568d82631}"/>
    <object class="EventAutomatableProperties" id="{1e2ca8e7-4bb8-40d6-b3c8-4975c8065f06}"/>
    <object class="MarkerTrack" id="{3cab0a6b-b362-43c2-b7eb-969ff8122859}"/>
    <object class="GroupTrack" id="{feb97378-dc94-460a-819a-8e8f01ae84a5}">
        <property name="uiAutomationTracksVisible">
            <value>true</value>
        </property>
    </object>
    <object class="Timeline" id="{1fe02ab7-c7fe-4726-a872-aab32e928ac9}">
        <property name="cursorPosition">
            <value>194.84581012658225</value>
        </property>
        <property name="uiLastRulerScaleRatio">
            <value>0.5235343029102093</value>
        </property>
    </object>
    <object class="GameParameter" id="{b65a5d4a-d5ab-4a17-b744-0274a58b2392}">
        <property name="cursorPosition">
            <value>0</value>
        </property>
        <property name="uiLastRulerScaleRatio">
            <value>0.0023364485981308409</value>
        </property>
    </object>
    <object class="EventMixerMaster" id="{50cc21ed-b39f-4d1d-90be-92edf74d2a14}">
        <relationship name="input">
            <destination>{984b61a6-0eb4-4f43-a7b6-8d3b5f898859}</destination>
        </relationship>
    </object>
    <object class="MixerBusEffectChain" id="{c241aa1a-fff7-406e-a3e5-5522f3ff29af}"/>
    <object class="MixerBusPanner" id="{2c44cf0c-983f-46fb-818c-213554d06743}"/>
    <object class="AutomationTrack" id="{aa2788b3-a879-4533-bf43-7bbaa0826f07}"/>
    <object class="SingleSound" id="{7750c483-30c7-4945-8644-cb0c198ce0cc}"/>
    <object class="EventMixerGroup" id="{984b61a6-0eb4-4f43-a7b6-8d3b5f898859}"/>
    <object class="LoopRegion" id="{624116d8-0eec-4786-9cb5-e09cd9f0ae32}"/>
    <object class="MixerBusEffectChain" id="{8ac8f2e1-51db-45cc-b101-8b2b637c715f}"/>
    <object class="MixerBusPanner" id="{33eb5b91-7f83-47f6-90ec-e9d5e2e4475d}"/>
    <object class="MixerBusFader" id="{2ab82f01-1480-4b24-a19e-bce772fa6386}"/>
    <object class="MixerBusEffectChain" id="{830d2dc5-34bf-4063-b08c-3a667a0b93cd}"/>
    <object class="MixerBusPanner" id="{b7744905-3e8c-401a-8660-005cabc917ad}"/>
    <object class="MixerBusFader" id="{2e9a99e2-292a-4444-9c87-14c0417c15a3}"/>
    <object class="SpatialiserEffect" id="{e698b6e9-2e36-47a3-8894-8fa1d8b1b532}"/>
    <object class="PluginEffect" id="{e118c7ff-a8b9-49f5-80d6-a5f3d0ba1bd2}"/>
    <object class="MixerBusFader" id="{25123ef9-d395-4edf-92d1-c24ea03d1e1c}"/>
    <object class="FloatPluginParameter" id="{fecc53bc-c0fe-48da-8779-f14b36b590be}"/>
    <object class="FloatPluginParameter" id="{fe1dee68-e7a9-4fc1-9e3c-0a912cb2276d}"/>
    <object class="FloatPluginParameter" id="{3483ee9e-9304-4127-8ee7-0b305a57d743}"/>
    <object class="FloatPluginParameter" id="{cc89c4bb-c1b2-499b-aedf-ecf2db88c823}"/>
</objects>
