<?xml version="1.0" encoding="UTF-8"?>
<objects serializationModel="Studio.01.08.00">
    <object class="Event" id="{5fa2d805-4b6f-4922-8b17-79d5decd3161}">
        <relationship name="selectables">
            <destination>{4857969f-adfe-40af-8e1a-87150c239a19}</destination>
        </relationship>
        <relationship name="uiLastParameterSelection">
            <destination>{d0997bc4-6ad1-434b-bd14-feb4675d719b}</destination>
        </relationship>
    </object>
    <object class="MasterTrack" id="{4857969f-adfe-40af-8e1a-87150c239a19}"/>
    <object class="MixerInput" id="{f0016c0e-eb8c-445c-8672-10e3192e8035}"/>
    <object class="EventAutomatableProperties" id="{30fa7128-e5cd-4186-aabf-3dcade408fde}"/>
    <object class="MarkerTrack" id="{b7977408-f9c2-4106-8413-d9d2e8a6032d}"/>
    <object class="GroupTrack" id="{3b015723-e177-43b3-904f-1b0edab85158}"/>
    <object class="Timeline" id="{d0997bc4-6ad1-434b-bd14-feb4675d719b}">
        <property name="cursorPosition">
            <value>0</value>
        </property>
        <property name="uiLastRulerScaleRatio">
            <value>0.00070688431135694149</value>
        </property>
    </object>
    <object class="EventMixerMaster" id="{d657985e-422f-4791-ab7a-c88ff816f563}">
        <relationship name="input">
            <destination>{a0f763e8-c845-40bd-b82a-e5e1674e2b02}</destination>
        </relationship>
    </object>
    <object class="MixerBusEffectChain" id="{38e808e6-888e-4092-a6b5-aa4458ca09af}"/>
    <object class="MixerBusPanner" id="{98bcf7f4-8158-4f7a-9ed0-c3396434f4db}"/>
    <object class="SingleSound" id="{7e9ef0a2-f56c-473c-8e45-f2877b5a4027}"/>
    <object class="EventMixerGroup" id="{a0f763e8-c845-40bd-b82a-e5e1674e2b02}"/>
    <object class="MixerBusEffectChain" id="{b8f6d6ad-9dff-4663-82fb-e7ad875cf59d}"/>
    <object class="MixerBusPanner" id="{6bb462bc-ed40-4267-b51e-bb71eb71102d}"/>
    <object class="MixerBusFader" id="{9932d448-cc99-44ed-89dd-8e6be8941806}"/>
    <object class="MixerBusEffectChain" id="{8ddfd423-5cde-406f-b2f3-5a4a84356974}"/>
    <object class="MixerBusPanner" id="{fa4b9ae9-e73f-45b0-96c9-e71e0bef7c31}"/>
    <object class="MixerBusFader" id="{ab67b0bf-9527-4900-8a99-905816043e56}"/>
    <object class="SpatialiserEffect" id="{cbc3c86c-d094-48f6-8cd9-227887516aff}"/>
    <object class="PluginEffect" id="{ab68decd-69dc-471b-b642-640d1c52f0f5}">
        <property name="uiModulationDrawerVisible">
            <value>true</value>
        </property>
    </object>
    <object class="MixerBusFader" id="{5cc08f86-3cdc-419f-9e06-3b895a9c9ba8}"/>
    <object class="FloatPluginParameter" id="{85f10ee4-5165-4093-906f-5a8e432405d2}">
        <property name="uiModulationDrawerVisible">
            <value>true</value>
        </property>
    </object>
    <object class="FloatPluginParameter" id="{09c3101e-2511-492a-819f-c3160f9f87d3}"/>
    <object class="FloatPluginParameter" id="{872bb1d7-1985-41be-bbad-b9d642fbd5d8}"/>
    <object class="FloatPluginParameter" id="{4249cad3-ead7-4549-8f1a-843132cbdd3a}"/>
    <object class="RandomizerModulator" id="{7dc67981-e643-41cd-b358-47de15d75c53}"/>
</objects>
