<?xml version="1.0" encoding="UTF-8"?>
<objects serializationModel="Studio.01.08.00">
    <object class="Event" id="{7828dfdc-2234-4ff7-84ec-0ddbd7381499}">
        <relationship name="selectables">
            <destination>{038320d6-209a-4de4-bede-e23ad90065a1}</destination>
        </relationship>
        <relationship name="uiLastParameterSelection">
            <destination>{c3067ee7-1345-4a85-9361-33455e21dc8c}</destination>
        </relationship>
    </object>
    <object class="MasterTrack" id="{038320d6-209a-4de4-bede-e23ad90065a1}">
        <property name="uiTrackHeight">
            <value>65</value>
        </property>
    </object>
    <object class="MixerInput" id="{b02af85c-b518-495f-a350-05d84b0b139d}"/>
    <object class="EventAutomatableProperties" id="{4c008540-50eb-4617-a80f-b4dcdacf6aef}"/>
    <object class="MarkerTrack" id="{8d950082-1caf-4819-87de-045e3da9bec9}"/>
    <object class="GroupTrack" id="{991e6532-a975-4384-9171-7d1de80b7c99}">
        <property name="uiTrackHeight">
            <value>65</value>
        </property>
    </object>
    <object class="Timeline" id="{c3067ee7-1345-4a85-9361-33455e21dc8c}">
        <property name="cursorPosition">
            <value>0</value>
        </property>
        <property name="uiLastRulerScaleRatio">
            <value>0.0007716049382716049</value>
        </property>
    </object>
    <object class="EventMixerMaster" id="{61119749-c01e-42e4-8135-023742fa5a24}">
        <relationship name="input">
            <destination>{60f462d1-f8b4-4b1d-8483-30807d0fb497}</destination>
        </relationship>
    </object>
    <object class="MixerBusEffectChain" id="{6d360a8b-5f9e-42bb-8fba-52fe11560007}"/>
    <object class="MixerBusPanner" id="{5aeab790-cca6-462c-bb9f-a84ed1863be2}"/>
    <object class="SingleSound" id="{6885ef70-c10a-4b8b-8200-cd5f54a7dcde}">
        <property name="uiModulationDrawerVisible">
            <value>true</value>
        </property>
    </object>
    <object class="EventMixerGroup" id="{60f462d1-f8b4-4b1d-8483-30807d0fb497}"/>
    <object class="MixerBusEffectChain" id="{fc56bf55-12da-4672-8c30-586b85ca2fc3}"/>
    <object class="MixerBusPanner" id="{038e16ca-10b8-49ce-a59a-ff87b355e9a4}"/>
    <object class="MixerBusFader" id="{54ddd267-e32d-458d-bc0e-3662f776ea51}"/>
    <object class="RandomizerModulator" id="{12c8368d-7dc5-4d3c-8c6f-4773282844bc}"/>
    <object class="MixerBusEffectChain" id="{f1c774ba-aedd-46d6-8531-890843a3dd89}"/>
    <object class="MixerBusPanner" id="{2e93320c-7d1b-4e11-b340-5e08eaa82373}"/>
    <object class="MixerBusFader" id="{73ef06c5-37d9-4963-a27d-f72825e72c3a}"/>
    <object class="SpatialiserEffect" id="{edbfe46f-7294-463e-a2b7-e7f1087aab01}"/>
    <object class="MixerBusFader" id="{8362342a-be6b-4bac-976b-7fc0f076d7ce}"/>
</objects>
