<?xml version="1.0" encoding="UTF-8"?>
<objects serializationModel="Studio.01.08.00">
    <object class="Event" id="{c21c8dc7-04d1-48de-aeb4-f37c8158d4b6}">
        <relationship name="selectables">
            <destination>{be722554-1bdb-478f-8d79-edd1895a1b6e}</destination>
        </relationship>
        <relationship name="uiLastParameterSelection">
            <destination>{80789b89-6e1e-4b2a-bf97-2c7a5e03efa0}</destination>
        </relationship>
    </object>
    <object class="MasterTrack" id="{be722554-1bdb-478f-8d79-edd1895a1b6e}"/>
    <object class="MixerInput" id="{f111a32d-b63a-465a-8ce6-a98b76b1f18f}"/>
    <object class="EventAutomatableProperties" id="{791060d4-eab8-4992-9832-c8392cf20ec8}"/>
    <object class="MarkerTrack" id="{29389b68-38e5-462d-90b5-0219af1e61b7}"/>
    <object class="GroupTrack" id="{e610f6a9-bb52-46b7-92bb-85cb1976af27}"/>
    <object class="Timeline" id="{80789b89-6e1e-4b2a-bf97-2c7a5e03efa0}">
        <property name="cursorPosition">
            <value>0</value>
        </property>
        <property name="uiLastRulerScaleRatio">
            <value>0.070093457943925228</value>
        </property>
    </object>
    <object class="EventMixerMaster" id="{e2bfd2fc-4063-4f43-8c23-03bb5ab67bab}">
        <relationship name="input">
            <destination>{e4522d9a-5cc0-4b44-8c13-65ca7c28d030}</destination>
        </relationship>
    </object>
    <object class="MixerBusEffectChain" id="{e96462c4-9264-4ed9-a14d-fdcb8583b603}"/>
    <object class="MixerBusPanner" id="{9ca49cc9-d624-456d-a773-8041cacd8660}"/>
    <object class="SingleSound" id="{bdeaa870-a82a-4584-ac2d-1186b1205519}"/>
    <object class="EventMixerGroup" id="{e4522d9a-5cc0-4b44-8c13-65ca7c28d030}"/>
    <object class="MixerBusEffectChain" id="{5a94d93a-d189-4e95-a411-558d8b53b45c}"/>
    <object class="MixerBusPanner" id="{48ddd7a5-d989-48e3-91b1-e43ded6a35da}"/>
    <object class="MixerBusFader" id="{897ecdc4-9364-44c1-81f2-74439e1d5467}"/>
    <object class="MixerBusEffectChain" id="{b20bdc41-6883-47b9-bade-f48e03207d0d}"/>
    <object class="MixerBusPanner" id="{1be0d46a-0971-4069-9134-30d019203302}"/>
    <object class="MixerBusFader" id="{55c2bb18-371f-4419-9443-3caea64b29f6}"/>
    <object class="SpatialiserEffect" id="{d5bba4c3-5925-4020-b375-8e19dece60be}"/>
    <object class="MixerBusFader" id="{4f70f978-47b1-47b1-b3b8-34de1fb3e92a}"/>
</objects>
